4;Cain;Camacho;09/29/20;265-8969
5;George;Bean;08/27/21;1-253-978-8863
6;Ciaran;Mcknight;06/15/21;1-304-647-7647
7;Hashim;Goodwin;04/22/22;1-612-673-1229
8;Nigel;Larson;02/08/22;1-651-915-8270
9;Wade;Dalton;10/07/21;823-1600
10;Hop;Leblanc;10/16/21;298-8056
11;Caldwell;Ayala;02/19/22;744-9330
12;Hamilton;Ryan;04/23/22;1-793-191-4563
13;Geoffrey;Pruitt;05/26/21;922-6388
14;Aristotle;Black;05/04/22;517-8980
15;James;Weberq;07/22/21;507-5474
16;James;Webedr;07/22/21;507-5474
17;James;Weberw;07/22/21;507-5474
18;James;Weber3;07/22/21;507-5474